{"eval/global_step":1170,"train/loss":0.0762348398566246,"_runtime":13,"_timestamp":1.759811564766749e+09,"_wandb":{"runtime":13},"eval/acc_mean":0.9833333492279053,"_step":1179,"train/global_step":1175,"train/lr":0.00010004317300627008,"eval/eval_loss":0.00022019493917468935}